{
  "variants": {
    "facing=north,lit=false": {
      "model": "ends_delight:block/end_stove"
    },
    "facing=south,lit=false": {
      "model": "ends_delight:block/end_stove",
      "y": 180
    },
    "facing=west,lit=false": {
      "model": "ends_delight:block/end_stove",
      "y": 270
    },
    "facing=east,lit=false": {
      "model": "ends_delight:block/end_stove",
      "y": 90
    },
    "facing=north,lit=true": {
      "model": "ends_delight:block/end_stove_on"
    },
    "facing=south,lit=true": {
      "model": "ends_delight:block/end_stove_on",
      "y": 180
    },
    "facing=west,lit=true": {
      "model": "ends_delight:block/end_stove_on",
      "y": 270
    },
    "facing=east,lit=true": {
      "model": "ends_delight:block/end_stove_on",
      "y": 90
    }
  }
}