{
  "variants": {
    "facing=north,support=none": {
      "model": "mynethersdelight:block/blackstone_cooking_pot"
    },
    "facing=south,support=none": {
      "model": "mynethersdelight:block/blackstone_cooking_pot",
      "y": 180
    },
    "facing=west,support=none": {
      "model": "mynethersdelight:block/blackstone_cooking_pot",
      "y": 270
    },
    "facing=east,support=none": {
      "model": "mynethersdelight:block/blackstone_cooking_pot",
      "y": 90
    },
    "facing=north,support=tray": {
      "model": "mynethersdelight:block/blackstone_cooking_pot_tray"
    },
    "facing=south,support=tray": {
      "model": "mynethersdelight:block/blackstone_cooking_pot_tray",
      "y": 180
    },
    "facing=west,support=tray": {
      "model": "mynethersdelight:block/blackstone_cooking_pot_tray",
      "y": 270
    },
    "facing=east,support=tray": {
      "model": "mynethersdelight:block/blackstone_cooking_pot_tray",
      "y": 90
    },
    "facing=north,support=handle": {
      "model": "mynethersdelight:block/blackstone_cooking_pot_handle"
    },
    "facing=south,support=handle": {
      "model": "mynethersdelight:block/blackstone_cooking_pot_handle",
      "y": 180
    },
    "facing=west,support=handle": {
      "model": "mynethersdelight:block/blackstone_cooking_pot_handle",
      "y": 270
    },
    "facing=east,support=handle": {
      "model": "mynethersdelight:block/blackstone_cooking_pot_handle",
      "y": 90
    }
  }
}