{
	"variants": {
		"bites=0": {
			"model": "mynethersdelight:block/magma_cake"
		},
		"bites=1": {
			"model": "mynethersdelight:block/magma_cake_slice1"
		},
		"bites=2": {
			"model": "mynethersdelight:block/magma_cake_slice2"
		},
		"bites=3": {
			"model": "mynethersdelight:block/magma_cake_slice3"
		},
		"bites=4": {
			"model": "mynethersdelight:block/magma_cake_slice4"
		},
		"bites=5": {
			"model": "mynethersdelight:block/magma_cake_slice5"
		},
		"bites=6": {
			"model": "mynethersdelight:block/magma_cake_slice6"
		}
	}
}